序号,链接,节点数
0,https://node.oneclash.cc/2024/04/20240407.txt,50
1,https://node.oneclash.cc/2024/04/20240407.yaml,49
2,https://nodefree.org/dy/2024/04/20240407.yaml,49
3,https://v2rayshare.com/wp-content/uploads/2024/04/20240405.txt,0
4,104.168.244.47:12580/clash/proxies,0
5,123.57.192.169:7777/clash/proxies,0
6,146.56.97.77:12580/clash/proxies,0
7,150.230.251.224:12580/clash/proxies,0
8,brovee.myds.me:12580/clash/proxies,0
9,carterzheng.synology.me:8008/clash/proxies,0
10,haohaoxiong.myqnapcloud.com:12580/clash/proxies,0
11,http://47.94.205.252:8080/V2Cloud/getVmess,2
12,http://beetle.lander.work/clash/proxies,92
13,http://weoknow.com/data/dayupdate/1/z1.txt,215
14,https://0xerfan.github.io/v2ray/,0
15,https://9527521.xyz/pubconfig/YCw0l6R3PoDbGFq5,9
16,https://anaer.github.io/Sub/clash.yaml,86
17,https://clash.221207.xyz/pubclashyaml,203
18,https://clashe.eu.org/clash/proxies,35
19,https://cxsub.club/link/V3Th0AyWhutlptyH?clash=1,0
20,https://fastestcloud.xyz/api/v1/client/subscribe?token=c0a4aafbde9d90c05d1aebf0b2440778,0
21,https://fetchjiedian.feisu360.xyz/clash/proxies,0
22,https://free-ss.site,27
23,https://free.datiya.com,2
24,https://free.dsdog.tk/clash/proxies,0
25,https://free.iam7.tk/clash/proxies,0
26,https://free.jingfu.cf/clash/proxies,0
27,https://freefq.com,831
28,https://ghproxy.com//raw.githubusercontent.com/yaney01/Yaney01/main/yaney_01,27
29,https://github.com/LonUp/NodeList/raw/main/Clash/Node/Latest.yaml,1451
30,https://github.com/LonUp/NodeList/raw/main/V2RAY/Latest_base64.txt,136
31,https://github.com/MrMohebi/xray-proxy-grabber-telegram/raw/master/collected-proxies/clash-meta/all.yaml,375
32,https://github.com/MrMohebi/xray-proxy-grabber-telegram/raw/master/collected-proxies/row-url/all.txt,485
33,https://github.com/barry-far/V2ray-Configs/raw/main/All_Configs_Sub.txt,4558
34,https://github.com/barry-far/V2ray-Configs/raw/main/All_Configs_base64_Sub.txt,0
35,https://github.com/barry-far/V2ray-Configs/raw/main/Splitted-By-Protocol/ss.txt,506
36,https://github.com/barry-far/V2ray-Configs/raw/main/Splitted-By-Protocol/trojan.txt,270
37,https://github.com/barry-far/V2ray-Configs/raw/main/Splitted-By-Protocol/vless.txt,2811
38,https://github.com/barry-far/V2ray-Configs/raw/main/Splitted-By-Protocol/vmess.txt,871
39,https://github.com/mahdibland/V2RayAggregator/raw/master/sub/sub_merge_yaml.yml,4956
40,https://github.com/mermeroo/V2RAY-FREE/raw/main/All_Configs_base64_Sub.txt,0
41,https://github.com/mermeroo/V2RAY-FREE/raw/main/Base64/Sub1_base64.txt,0
42,https://github.com/mermeroo/V2RAY-FREE/raw/main/Base64/Sub2_base64.txt,0
43,https://github.com/mermeroo/V2RAY-FREE/raw/main/Base64/Sub3_base64.txt,0
44,https://github.com/mermeroo/V2RAY-FREE/raw/main/Base64/Sub4_base64.txt,0
45,https://github.com/mermeroo/V2RAY-FREE/raw/main/Base64/Sub5_base64.txt,0
46,https://github.com/mermeroo/telegram-configs-collector/raw/main/protocols/hysteria,12
47,https://github.com/mermeroo/telegram-configs-collector/raw/main/protocols/juicity,2
48,https://github.com/mermeroo/telegram-configs-collector/raw/main/protocols/tuic,3
49,https://github.com/theGreatPeter/v2rayNodes/raw/main/nodes.txt,115
50,https://github.com/vxiaov/free_proxy_ss/raw/main/clash/clash.provider.yaml,0
51,https://gitlab.com/univstar1/v2ray/-/raw/main/data/clash/general.yaml,197
52,https://hyt-allen-xu.netlify.app,30
53,https://itlao6.com/10962.html,24
54,https://iwxf.netlify.app,39
55,https://jiang.netlify.app,43
56,https://laxcity.pages.dev/clash/proxies,0
57,https://lncn.org,29
58,https://mirror.ghproxy.com/https://raw.githubusercontent.com/Barabama/FreeNodes/master/nodes/blues.txt,554
59,https://mirror.ghproxy.com/https://raw.githubusercontent.com/Barabama/FreeNodes/master/nodes/halekj.txt,0
60,https://mirror.ghproxy.com/https://raw.githubusercontent.com/Barabama/FreeNodes/master/nodes/kkzui.txt,27
61,https://mirror.ghproxy.com/https://raw.githubusercontent.com/Barabama/FreeNodes/master/nodes/merged.txt,127
62,https://mirror.ghproxy.com/https://raw.githubusercontent.com/Barabama/FreeNodes/master/nodes/nodefree.txt,50
63,https://mirror.ghproxy.com/https://raw.githubusercontent.com/Barabama/FreeNodes/master/nodes/openrunner.txt,0
64,https://mirror.ghproxy.com/https://raw.githubusercontent.com/Barabama/FreeNodes/master/nodes/v2rayshare.txt,21
65,https://mirror.ghproxy.com/https://raw.githubusercontent.com/Barabama/FreeNodes/master/nodes/wenode.txt,50
66,https://mirror.ghproxy.com/https://raw.githubusercontent.com/Barabama/FreeNodes/master/nodes/yudou66.txt,222
67,https://muma16fx.netlify.app,20
68,https://nodefree.org/dy/2023/08/20230806.yaml,50
69,https://nodefree.org/dy/2023/12/20231221.txt,36
70,https://nodefree.org/dy/2024/03/20240320.txt,30
71,https://oss.v2rayse.com/proxies/data/2024-03-20/2u1ntze.txt,23
72,https://pool.sagithome.com/clash/proxies,0
73,https://prop.cf/?name=paimon&client=base64,0
74,https://prop.cf/?name=paimon&client=clash,0
75,https://proxy.crazygeeky.com/clash/proxies,87
76,https://proxy.fldhhhhhh.top/clash/proxies,0
77,https://proxy.yiun.xyz/clash/proxies,0
78,https://proxy.yugogo.xyz/clash/proxie,0
79,https://proxypool.link,166
80,https://proxypool.link/clash/proxies,528
81,https://proxypool1999.banyunxiaoxi.icu/clash/proxies,178
82,https://pxypool.131433.xyz/clash/proxies,0
83,https://qiaomenzhuanfx.netlify.app,1
84,https://raw.fastgit.org/freefq/free/master/v2,0
85,https://raw.githubusercontent.com/245237866/v2rayn/main/everydaynode,410
86,https://raw.githubusercontent.com/52bp/52bp.github.io/master/freesite.html,228
87,https://raw.githubusercontent.com/69z1zfw2fly/fly/main/2.yaml,74
88,https://raw.githubusercontent.com/9Fork/openit/main/Clash.yaml,0
89,https://raw.githubusercontent.com/ALIILAPRO/v2rayNG-Config/main/server.txt,117
90,https://raw.githubusercontent.com/ALIILAPRO/v2rayNG-Config/main/sub.txt,117
91,https://raw.githubusercontent.com/Alvin9999/pac2/master/clash/1/config.yaml,12
92,https://raw.githubusercontent.com/Ashkan-m/v2ray/main/Sub.txt,36
93,https://raw.githubusercontent.com/AzadNetCH/Clash/main/AzadNet.yml,0
94,https://raw.githubusercontent.com/AzadNetCH/Clash/main/AzadNet_iOS.txt,1116
95,https://raw.githubusercontent.com/BUTUbird/ClashPoint/main/application.yaml,16
96,https://raw.githubusercontent.com/Creativveb/v2configs/main/updated,83
97,https://raw.githubusercontent.com/Flik6/getNode/main/clash.yaml,0
98,https://raw.githubusercontent.com/Flik6/getNode/main/v2ray.txt,0
99,https://raw.githubusercontent.com/GreenFishStudio/GreenFish/master/Subscription/GreenFishYYDS,56
100,https://raw.githubusercontent.com/IranianCypherpunks/sub/main/config,19
101,https://raw.githubusercontent.com/Jason05211211/Freerocket/main/freessr,28
102,https://raw.githubusercontent.com/Jia-Pingwa/free-v2ray-merge/main/output.txt,330
103,https://raw.githubusercontent.com/Jsnzkpg/Jsnzkpg/Jsnzkpg/Jsnzkpg,2
104,https://raw.githubusercontent.com/Junely/clash/main/template3.yaml,492
105,https://raw.githubusercontent.com/Kwinshadow/TelegramV2rayCollector/main/b64configs.txt,0
106,https://raw.githubusercontent.com/LalatinaHub/Mineral/master/result/nodes,0
107,https://raw.githubusercontent.com/LalatinaHub/Mineral/master/result/nodes2,0
108,https://raw.githubusercontent.com/LayneChai/subscribe/main/README.md,5
109,https://raw.githubusercontent.com/Leon406/SubCrawler/main/sub/share/all3,633
110,https://raw.githubusercontent.com/Leon406/SubCrawler/main/sub/share/all4,472
111,https://raw.githubusercontent.com/Leon406/SubCrawler/main/sub/share/v2,339
112,https://raw.githubusercontent.com/Lewis-1217/FreeNodes/main/bpjzx1,33
113,https://raw.githubusercontent.com/Lewis-1217/FreeNodes/main/bpjzx2,6
114,https://raw.githubusercontent.com/MOnday9907/v2ray/main/v2ray.txt,12
115,https://raw.githubusercontent.com/Mahanfix/v2rayvpn/main/mahanfix,614
116,https://raw.githubusercontent.com/MhdiTaheri/V2rayCollector/main/sub/hysteriabase64,0
117,https://raw.githubusercontent.com/MhdiTaheri/V2rayCollector/main/sub/ssbase64,0
118,https://raw.githubusercontent.com/MhdiTaheri/V2rayCollector/main/sub/trojanbase64,0
119,https://raw.githubusercontent.com/MhdiTaheri/V2rayCollector/main/sub/tuicbase64,0
120,https://raw.githubusercontent.com/Mohammadgb0078/IRV2ray/main/vless.txt,327
121,https://raw.githubusercontent.com/Mohammadgb0078/IRV2ray/main/vmess.txt,72
122,https://raw.githubusercontent.com/Mr8AHAL/v2ray/main/SERVER.txt,26
123,https://raw.githubusercontent.com/MrMohebi/xray-proxy-grabber-telegram/master/collected-proxies/row-url/actives.txt,115
124,https://raw.githubusercontent.com/MrMohebi/xray-proxy-grabber-telegram/master/collected-proxies/row-url/all.txt,485
125,https://raw.githubusercontent.com/MrPooyaX/SansorchiFucker/main/data.txt,13
126,https://raw.githubusercontent.com/MrPooyaX/VpnsFucking/main/Shenzo.txt,20
127,https://raw.githubusercontent.com/NiceVPN123/NiceVPN/main/Clash.yaml,665
128,https://raw.githubusercontent.com/Pawdroid/Free-servers/main/sub,23
129,https://raw.githubusercontent.com/Pcrab/Dotfiles/912c1104b3f8121f72f7ee11590f52bc9c44dde7/.config/electron-ssr/gui-config.json,0
130,https://raw.githubusercontent.com/QQnight/SubCrawler/main/sub/share/all,37
131,https://raw.githubusercontent.com/RaymondHarris971/ssrsub/master/9a075bdee5.txt,15
132,https://raw.githubusercontent.com/Rokate/Proxy-Sub/main/clash/clash_ssr.yml,0
133,https://raw.githubusercontent.com/Rokate/Proxy-Sub/main/clash/clash_trojan.yml,0
134,https://raw.githubusercontent.com/Rokate/Proxy-Sub/main/clash/clash_v2ray.yml,0
135,https://raw.githubusercontent.com/SamanValipour1/My-v2ray-configs/main/MySub.txt,27
136,https://raw.githubusercontent.com/Strongmiao168/v2ray/main/1203,83
137,https://raw.githubusercontent.com/Tenerome/v2ray/main/vmess.txt,119
138,https://raw.githubusercontent.com/Vauth/node/main/Main,2791
139,https://raw.githubusercontent.com/Vauth/node/main/Mix,0
140,https://raw.githubusercontent.com/Vauth/node/main/Pro,0
141,https://raw.githubusercontent.com/VpnNetwork01/vpn-net/main/README.md,81
142,https://raw.githubusercontent.com/YasserDivaR/pr0xy/main/ShadowSocks2021.txt,473
143,https://raw.githubusercontent.com/YasserDivaR/pr0xy/main/winformClash.yaml,628
144,https://raw.githubusercontent.com/ZY-404/v2ray/main/v2ray.txt,447
145,https://raw.githubusercontent.com/ZywChannel/free/main/sub,232
146,https://raw.githubusercontent.com/a2470982985/getNode/main/v2ray.txt,0
147,https://raw.githubusercontent.com/abshare/abshare.github.io/main/README.md,127
148,https://raw.githubusercontent.com/adiwzx/freenode/main/adispeed.txt,89
149,https://raw.githubusercontent.com/adminaliang/v2ray/main/v2ray,16
150,https://raw.githubusercontent.com/aiboboxx/clashfree/main/clash.yml,38
151,https://raw.githubusercontent.com/aiboboxx/v2rayfree/main/v2,38
152,https://raw.githubusercontent.com/amirmohammad-mohammad-88/Sub-Reality-Azadi-config/Config/Azadi-Reality-Different,0
153,https://raw.githubusercontent.com/amirmohammad-mohammad-88/Sub-Reality-Azadi-config/Config/Azadi-Reality-Different-Base64,0
154,https://raw.githubusercontent.com/anaer/Sub/main/clash.yaml,86
155,https://raw.githubusercontent.com/anorika77/v2ray-subscribe/main/README.md,72
156,https://raw.githubusercontent.com/awesome-vpn/awesome-vpn/master/all,227
157,https://raw.githubusercontent.com/baip01/clash/main/clash,21
158,https://raw.githubusercontent.com/baipiao0/baipiao02/main/v2ray,23
159,https://raw.githubusercontent.com/barry-far/V2ray-Configs/main/Splitted-By-Protocol/vless.txt,2811
160,https://raw.githubusercontent.com/bingoYB/node_processing/main/dist/all.yaml,69
161,https://raw.githubusercontent.com/budamu/clashconfig/main/v2ray.txt,23
162,https://raw.githubusercontent.com/budamu/clashconfig/main/v2ray2.txt,140
163,https://raw.githubusercontent.com/caijh/FreeProxiesScraper/main/README.md,161
164,https://raw.githubusercontent.com/cdp2020/v2ray/master/README.md,15
165,https://raw.githubusercontent.com/chfchf0306/clash/main/clash,448
166,https://raw.githubusercontent.com/chfchf0306/jeidian4.18/main/4.18,448
167,https://raw.githubusercontent.com/chongdong1230/dxz/main/clash,90
168,https://raw.githubusercontent.com/codingbox/Free-Node-Merge/main/node.txt,44
169,https://raw.githubusercontent.com/cxr9912/cxr2022/main/free.yaml,7
170,https://raw.githubusercontent.com/cxr9912/cxr2022/main/mix.yaml,0
171,https://raw.githubusercontent.com/cxr9912/cxr2022/main/ss.yaml,11
172,https://raw.githubusercontent.com/cxr9912/cxr2022/main/ssr.yaml,9
173,https://raw.githubusercontent.com/cxr9912/cxr2022/main/vmess.yaml,12
174,https://raw.githubusercontent.com/dalazhi/v2ray/main/v2ray%E8%AE%A2%E9%98%85,18
175,https://raw.githubusercontent.com/dalazhi/v2ray/main/v2ray订阅,18
176,https://raw.githubusercontent.com/du5/free/master/file/0909/Clash.yaml,34
177,https://raw.githubusercontent.com/ermaozi/get_subscribe/main/subscribe/clash.yml,17
178,https://raw.githubusercontent.com/ermaozi01/free_clash_vpn/main/subscribe/clash.yml,18
179,https://raw.githubusercontent.com/ermaozi01/free_clash_vpn/main/subscribe/v2ray.txt,32
180,https://raw.githubusercontent.com/eycorsican/rule-sets/master/kitsunebi_sub,5
181,https://raw.githubusercontent.com/free18/v2ray/main/Clash.yaml,165
182,https://raw.githubusercontent.com/freebaipiao/freebaipiao/main/jiassweetoy3.yaml,6
183,https://raw.githubusercontent.com/freefq/free/master/README.md,30
184,https://raw.githubusercontent.com/freefq/free/master/v2,15
185,https://raw.githubusercontent.com/freenodes/freenodes/main/clash.yaml,25
186,https://raw.githubusercontent.com/freev2rayconfig/V2RAY_SUBSCRIPTION_LINK/main/v2rayconfigs.txt,0
187,https://raw.githubusercontent.com/gitbigg/permalink/main/subscribe,19
188,https://raw.githubusercontent.com/gooooooooooooogle/Clash-Config/main/Clash.yaml,1
189,https://raw.githubusercontent.com/gtang8/SubCrawler/main/sub/share/all,67
190,https://raw.githubusercontent.com/hkaa0/permalink/e8f97142d083c0f5dac55af7b6531b300f273b4d/proxy/V2ray,56
191,https://raw.githubusercontent.com/hkaa0/permalink/main/proxy/V2ray,18
192,https://raw.githubusercontent.com/hkaa0/permalink/main/proxy/clash,18
193,https://raw.githubusercontent.com/hotsymbol/vpnsetting/master/v2rayopen,14
194,https://raw.githubusercontent.com/hsb4657/v2ray/main/lastest.txt,21
195,https://raw.githubusercontent.com/igeekshare/GeekshareFreeNode/main/clash/Geekshare.yaml,13
196,https://raw.githubusercontent.com/imohammadkhalili/V2RAY/main/Mkhalili,43
197,https://raw.githubusercontent.com/itxve/fetch-clash-node/main/node/ClashNode.yaml,0
198,https://raw.githubusercontent.com/iwxf/free-v2ray/master/index.html,39
199,https://raw.githubusercontent.com/jikelonglie/meskell/main/meskell,12
200,https://raw.githubusercontent.com/jiquanxiang/abc/main/v7,43
201,https://raw.githubusercontent.com/jw853355718/clash_233/master/config.yml,0
202,https://raw.githubusercontent.com/kaoxindalao/v2raycheshi/main/v2raycheshi,50
203,https://raw.githubusercontent.com/kevin-wud/v2ray-node/main/clash.yaml,75
204,https://raw.githubusercontent.com/lcx12901/v2ray-/master/sspool.herokuapp.com/yzcloud.yaml,0
205,https://raw.githubusercontent.com/lcx12901/v2ray-/master/sspool.herokuapp.com/yzcloud2.yaml,0
206,https://raw.githubusercontent.com/learnhard-cn/free_proxy_ss/main/clash/clash.provider.yaml,0
207,https://raw.githubusercontent.com/learnhard-cn/free_proxy_ss/main/clash/config.yaml,0
208,https://raw.githubusercontent.com/learnhard-cn/free_proxy_ss/main/free,8
209,https://raw.githubusercontent.com/learnhard-cn/free_proxy_ss/main/ss/sssub,4
210,https://raw.githubusercontent.com/learnhard-cn/free_proxy_ss/main/ssr/ssrsub,2
211,https://raw.githubusercontent.com/learnhard-cn/free_proxy_ss/main/v2ray/v2raysub,4
212,https://raw.githubusercontent.com/lflflf999/0516/main/BX-JD,95
213,https://raw.githubusercontent.com/lisylva-lee/v2dyku/main/ssr,5
214,https://raw.githubusercontent.com/lisylva-lee/v2dyku/main/v2dy,0
215,https://raw.githubusercontent.com/luxl-1379/merge/77247d23def72b25226dfa741614e9b07a569c72/sub/sub_merge_base64.txt,578
216,https://raw.githubusercontent.com/mahdibland/ShadowsocksAggregator/master/sub/sub_merge.txt,4953
217,https://raw.githubusercontent.com/mahdibland/V2RayAggregator/master/sub/sub_merge.txt,4953
218,https://raw.githubusercontent.com/mahdibland/get_v2/main/pub/ircp,10
219,https://raw.githubusercontent.com/mermeroo/Clash-V2ray/main/v2ray,0
220,https://raw.githubusercontent.com/mermeroo/free-v2ray-collector/main/main/mix,0
221,https://raw.githubusercontent.com/mermeroo/free-v2ray-collector/main/main/reality,0
222,https://raw.githubusercontent.com/mermeroo/free-v2ray-collector/main/main/shadowsocks,0
223,https://raw.githubusercontent.com/mermeroo/free-v2ray-collector/main/main/trojan,0
224,https://raw.githubusercontent.com/mermeroo/free-v2ray-collector/main/main/vless,0
225,https://raw.githubusercontent.com/mermeroo/free-v2ray-collector/main/main/vmess,0
226,https://raw.githubusercontent.com/mfuu/v2ray/master/merge/merge.txt,198
227,https://raw.githubusercontent.com/mfuu/v2ray/master/v2ray,198
228,https://raw.githubusercontent.com/mheidari98/.proxy/main/all,0
229,https://raw.githubusercontent.com/mianfeifq/share/main/README.md,142
230,https://raw.githubusercontent.com/misersun/config003/main/config_all.yaml,133
231,https://raw.githubusercontent.com/misersun/config003/main/config_all_quest.yaml,34
232,https://raw.githubusercontent.com/mksshare/mksshare.github.io/main/README.md,138
233,https://raw.githubusercontent.com/mlabalabala/v2ray-node/main/nodefree4clash.txt,10
234,https://raw.githubusercontent.com/moneyfly1/sublist/main/clash.yml,18
235,https://raw.githubusercontent.com/nasheep/FreeNode/main/clash/PlayLab,25
236,https://raw.githubusercontent.com/ntkernel/lantern/master/vmess_base64.txt,0
237,https://raw.githubusercontent.com/obscure1990/freeVM/master/snippets/nodes.yml,1025
238,https://raw.githubusercontent.com/openRunner/clash-freenode/main/v2ray.txt,0
239,https://raw.githubusercontent.com/oslook/clash-freenode/main/clash.yaml,0
240,https://raw.githubusercontent.com/parkerpa/zypjj/main/clash,105
241,https://raw.githubusercontent.com/parsashonam/v2ray/main/all,5
242,https://raw.githubusercontent.com/peasoft/NoMoreWalls/master/list.txt,140
243,https://raw.githubusercontent.com/personqianduixue/SubCrawler/main/sub/share/all,0
244,https://raw.githubusercontent.com/pojiezhiyuanjun/2023/master/0804clash.yml,75
245,https://raw.githubusercontent.com/pojiezhiyuanjun/freev2/master/20200808.txt,19
246,https://raw.githubusercontent.com/renyige1314/CLASH/main/CLASH,28
247,https://raw.githubusercontent.com/resasanian/Mirza/main/ss,33
248,https://raw.githubusercontent.com/resasanian/Mirza/main/sub,240
249,https://raw.githubusercontent.com/ripaojiedian/freenode/main/clash,16
250,https://raw.githubusercontent.com/ripaojiedian/freenode/main/sub,17
251,https://raw.githubusercontent.com/ronghuaxueleng/get_v2/main/pub/changfengoss.yaml,26
252,https://raw.githubusercontent.com/ronghuaxueleng/get_v2/main/pub/combine.yaml,43
253,https://raw.githubusercontent.com/rxsweet/proxies/main/sub/free.yaml,0
254,https://raw.githubusercontent.com/rxsweet/proxies/main/sub/rx.yaml,0
255,https://raw.githubusercontent.com/rxsweet/proxies/main/sub/rx64.txt,0
256,https://raw.githubusercontent.com/rxsweet/proxies/main/sub/sources/crawlTGnode.txt,0
257,https://raw.githubusercontent.com/rxsweet/proxies/main/sub/sources/dynamicAll.yaml,0
258,https://raw.githubusercontent.com/rxsweet/proxies/main/sub/sources/miningAll.yaml,0
259,https://raw.githubusercontent.com/rxsweet/proxies/main/sub/srx.yaml,0
260,https://raw.githubusercontent.com/sami-soft/v2rayN_proxy/main/new1.txt,452
261,https://raw.githubusercontent.com/samjoeyang/subscribe/main/fly,0
262,https://raw.githubusercontent.com/satrom/V2SSR/master/SSR/Day.txt,0
263,https://raw.githubusercontent.com/satrom/V2SSR/master/SSR/Sub.txt,0
264,https://raw.githubusercontent.com/satrom/V2SSR/master/V2RAY/Sub.txt,0
265,https://raw.githubusercontent.com/sh3d0ww02f/sh3d0ww02f.github.io/main/clash1.yaml,1
266,https://raw.githubusercontent.com/sh3d0ww02f/sh3d0ww02f.github.io/main/ssr.config,13
267,https://raw.githubusercontent.com/shbioc/clash/main/aaa01.yaml,190
268,https://raw.githubusercontent.com/soroushmirzaei/telegram-configs-collector/main/channels/protocols/hysteria,20
269,https://raw.githubusercontent.com/soroushmirzaei/telegram-configs-collector/main/channels/protocols/juicity,2
270,https://raw.githubusercontent.com/soroushmirzaei/telegram-configs-collector/main/channels/protocols/reality,44
271,https://raw.githubusercontent.com/soroushmirzaei/telegram-configs-collector/main/channels/protocols/shadowsocks,197
272,https://raw.githubusercontent.com/soroushmirzaei/telegram-configs-collector/main/channels/protocols/trojan,84
273,https://raw.githubusercontent.com/soroushmirzaei/telegram-configs-collector/main/channels/protocols/tuic,6
274,https://raw.githubusercontent.com/soroushmirzaei/telegram-configs-collector/main/channels/protocols/vless,1139
275,https://raw.githubusercontent.com/soroushmirzaei/telegram-configs-collector/main/channels/protocols/vmess,98
276,https://raw.githubusercontent.com/soroushmirzaei/telegram-configs-collector/main/protocols/hysteria,20
277,https://raw.githubusercontent.com/soroushmirzaei/telegram-configs-collector/main/protocols/juicity,2
278,https://raw.githubusercontent.com/soroushmirzaei/telegram-configs-collector/main/protocols/reality,49
279,https://raw.githubusercontent.com/soroushmirzaei/telegram-configs-collector/main/protocols/shadowsocks,234
280,https://raw.githubusercontent.com/soroushmirzaei/telegram-configs-collector/main/protocols/trojan,116
281,https://raw.githubusercontent.com/soroushmirzaei/telegram-configs-collector/main/protocols/tuic,6
282,https://raw.githubusercontent.com/soroushmirzaei/telegram-configs-collector/main/protocols/vless,1392
283,https://raw.githubusercontent.com/soroushmirzaei/telegram-configs-collector/main/protocols/vmess,112
284,https://raw.githubusercontent.com/ssrsub/ssr/master/Clash.yml,101
285,https://raw.githubusercontent.com/ssrsub/ssr/master/V2Ray,45
286,https://raw.githubusercontent.com/ssrsub/ssr/master/ss-sub,56
287,https://raw.githubusercontent.com/ssrsub/ssr/master/ssrsub,7
288,https://raw.githubusercontent.com/ssrsub/ssr/master/trojan,52
289,https://raw.githubusercontent.com/ssrsub/ssr/master/v2ray,0
290,https://raw.githubusercontent.com/sun9426/sun9426.github.io/main/subscribe/Clash.yaml,449
291,https://raw.githubusercontent.com/tbbatbb/Proxy/master/dist/clash.config.yaml,0
292,https://raw.githubusercontent.com/tjyu010/jiedian/main/21,37
293,https://raw.githubusercontent.com/tony0392/clash/main/clash.yaml,76
294,https://raw.githubusercontent.com/ts-sf/fly/main/clash,16
295,https://raw.githubusercontent.com/ts-sf/fly/main/v2,17
296,https://raw.githubusercontent.com/umelabs/node.umelabs.dev/master/Subscribe/SSR.md,4
297,https://raw.githubusercontent.com/umelabs/node.umelabs.dev/master/Subscribe/v2ray.md,5
298,https://raw.githubusercontent.com/voken100g/AutoSSR/master/online,8
299,https://raw.githubusercontent.com/voken100g/AutoSSR/master/recent,11
300,https://raw.githubusercontent.com/vpei/free-node-1/main/o/proxies.txt,256
301,https://raw.githubusercontent.com/vveg26/chromego_merge/main/sub/merged_proxies.yaml,0
302,https://raw.githubusercontent.com/vveg26/get_proxy/main/dist/clash.config.yaml,0
303,https://raw.githubusercontent.com/vxiaov/free_proxy_ss/main/ss/sssub,4
304,https://raw.githubusercontent.com/vxiaov/free_proxy_ss/main/ssr/ssrsub,2
305,https://raw.githubusercontent.com/vxiaov/free_proxy_ss/main/v2ray/v2raysub,4
306,https://raw.githubusercontent.com/w1770946466/Auto_proxy/main/Long_term_subscription2,71
307,https://raw.githubusercontent.com/w1770946466/Auto_proxy/main/Long_term_subscription3,71
308,https://raw.githubusercontent.com/w1770946466/Auto_proxy/main/Long_term_subscription_num,561
309,https://raw.githubusercontent.com/webdao/v2ray/master/nodes.txt,364
310,https://raw.githubusercontent.com/wrfree/free/main/v2,52
311,https://raw.githubusercontent.com/xhmotor/V2rayn/main/v2rayn,9
312,https://raw.githubusercontent.com/xiyaowong/freeFQ/main/v2ray,165
313,https://raw.githubusercontent.com/yaney01/Yaney01/main/temporary,112
314,https://raw.githubusercontent.com/yaney01/Yaney01/main/yaney_01,27
315,https://raw.githubusercontent.com/yebekhe/TelegramV2rayCollector/main/sub/base64/mix,431
316,https://raw.githubusercontent.com/yebekhe/TelegramV2rayCollector/main/sub/normal/donated,1
317,https://raw.githubusercontent.com/yebekhe/TelegramV2rayCollector/main/sub/normal/hysteria2,1
318,https://raw.githubusercontent.com/yebekhe/TelegramV2rayCollector/main/sub/normal/reality,0
319,https://raw.githubusercontent.com/yebekhe/TelegramV2rayCollector/main/sub/normal/shadowsocks,12
320,https://raw.githubusercontent.com/yebekhe/TelegramV2rayCollector/main/sub/normal/trojan,14
321,https://raw.githubusercontent.com/yebekhe/TelegramV2rayCollector/main/sub/normal/tuic,1
322,https://raw.githubusercontent.com/yebekhe/TelegramV2rayCollector/main/sub/normal/vless,328
323,https://raw.githubusercontent.com/yebekhe/TelegramV2rayCollector/main/sub/normal/vmess,68
324,https://raw.githubusercontent.com/youkai0100/youkai/master/README.md,169
325,https://raw.githubusercontent.com/zhangkaiitugithub/SubCrawler/main/sub/share/all,0
326,https://raw.githubusercontent.com/zhangkaiitugithub/passcro/main/speednodes.yaml,103
327,https://raw.githubusercontent.com/zhlx2835/freefq/main/clash.yaml,19
328,https://raw.githubusercontent.com/zhlx2835/freefq/main/v2,19
329,https://raw.githubusercontent.com/zjfb/SubCrawler/main/sub/share/all,1567
330,https://raw.githubusercontent.com/zjr13808836946/zjr_clash/main/V2_SSR_M,23
331,https://raw.githubusercontent.com/zzz6839/SubCrawler/main/sub/share/all,156
332,https://rvorch.treze.cc/clash/proxies,0
333,https://sub.diba.workers.dev,1
334,https://sub.pmsub.me/base64,2
335,https://sub.pmsub.me/clash.yaml,2
336,https://sub.sharecentre.online/sub&flag=clash,11
337,https://timell.pages.dev/clash/proxies,0
338,https://tt.vg/freev2,38
339,https://v2ray.neocities.org/v2ray.txt,38
340,https://v2rayshare.com/wp-content/uploads/2022/12/20221208.txt,35
341,https://v2rayshare.com/wp-content/uploads/2024/03/20240320.txt,21
342,https://www.ckcloud.xyz/api/v1/client/subscribe?token=528fedb391871a0a9b557c5369781ba9,55
343,https://www.liesauer.net/yogurt/subscribe?ACCESS_TOKEN=DAYxR3mMaZAsaqUb,2
344,https://www.xrayvip.com/free.txt,38
345,https://xn--30rs3bu7r87f.com/api/v1/client/subscribe?token=2b981ee5d0170cb3196bcf7017148807,0
346,https://youlianboshi.netlify.app,8
347,https://zfjvpn.gitbook.io/123,0
348,dynamic://sharkdoor,6

总计,,8266
